"Qty";"Value";"Device";"Package";"Parts";"Description";"AVAILABILITY";"CHECK_PRICES";"DESCRIPTION";"MF";"MP";"PACKAGE";"POPULARITY";"PRICE";"PROD_ID";"SNAPEDA_LINK";"SPICEPREFIX";"TP_SIGNAL_NAME";"VALUE";
"2";"";"PINHD-1X1";"1X01";"JP6, JP7";"PIN HEADER";"";"";"";"";"";"";"64";"";"";"";"";"";"";
"3";"";"PINHD-2X4";"2X04";"JP1, JP2, JP4";"PIN HEADER";"";"";"";"";"";"";"47";"";"";"";"";"";"";
"2";"100nf";"C-USC0805";"C0805";"C1, C2";"CAPACITOR, American symbol";"";"";"";"";"";"";"63";"";"";"";"C";"";"";
"1";"1uf";"C-USC0805";"C0805";"C3";"CAPACITOR, American symbol";"";"";"";"";"";"";"63";"";"";"";"C";"";"";
"2";"22uf";"C-USC3216";"C3216";"C4, C5";"CAPACITOR, American symbol";"";"";"";"";"";"";"0";"";"";"";"C";"";"";
"1";"2K2";"R-US_R0805";"R0805";"R1";"RESISTOR, American symbol";"";"";"";"";"";"";"85";"";"";"";"R";"";"";
"1";"AMS1117-3.3";"AMS1117-3.3";"SOT229P700X180-4N";"U1";"Check availability";"Not in stock";"https://www.snapeda.com/parts/AMS1117-3.3/Advanced+Monolithic+Systems/view-part/?ref=eda";" Sot223/Pkg 1-Amp 3.3-Volt Low Drop Out Voltage Regulatator ";"Advanced Monolithic Systems";"AMS1117-3.3";"SOT-223 Seeed Technology";"";"None";"";"https://www.snapeda.com/parts/AMS1117-3.3/Advanced+Monolithic+Systems/view-part/?ref=snap";"";"";"";
"1";"LEFT-H1-SMD";"LEFT-H1-SMD";"LEFT-H1-SMD";"U$1";"";"";"";"";"";"";"";"";"";"";"";"";"";"";
"2";"PTR1B1,27";"PTR1B1,27";"B1,27";"TP1, TP2";"TEST PIN";"";"";"";"";"";"";"2";"";"";"";"";"";"";
"4";"PTR1B2,54";"PTR1B2,54";"B2,54";"TP3, TP4, TP5, TP6";"TEST PIN";"";"";"";"";"";"";"0";"";"";"";"";"";"";
"1";"Red";"LED-RED1206";"LED-1206";"D1";"Red SMD LED";"";"";"";"";"";"";"";"";"DIO-09912";"";"";"";"Red";
