"Qty";"Value";"Device";"Package";"Parts";"Description";"POPULARITY";"SPICEPREFIX";"TP_SIGNAL_NAME";
"1";"100nf";"C-USC0805";"C0805";"C1";"CAPACITOR, American symbol";"63";"C";"";
"1";"1uf";"C-USC0805";"C0805";"C2";"CAPACITOR, American symbol";"63";"C";"";
"2";"22uf";"C-USC3216";"C3216";"C3, C4";"CAPACITOR, American symbol";"0";"C";"";
"2";"JUMPER-SMT_2_NC_TRACE_SILK";"JUMPER-SMT_2_NC_TRACE_SILK";"SMT-JUMPER_2_NC_TRACE_SILK";"JP1, JP2";"Normally closed trace jumper";"";"";"";
"8";"PTR1B1,27";"PTR1B1,27";"B1,27";"TP1, TP2, TP3, TP4, TP5, TP6, TP7, TP8";"TEST PIN";"2";"";"";
"1";"RIGHT-H2-SMD";"RIGHT-H2-SMD";"RIGHT-H2-SMD";"U$2";"";"";"";"";
