"Qty";"Value";"Device";"Package";"Parts";"Description";"COPYRIGHT";"DIGIKEY_PART_NUMBER_1";"DIGIKEY_PART_NUMBER_2";"DIGIKEY_PART_NUMBER_3";"DIGIKEY_PART_NUMBER_4";"MANUFACTURER";"MANUFACTURER_PART_NUMBER";"MAXIMUM_PACKAGE_HEIGHT";"MFR_NAME";"PARTREV";"POPULARITY";"PROD_ID";"SPICEPREFIX";"STANDARD";"TP_SIGNAL_NAME";"VALUE";
"1";"1K";"R-US_R0805";"R0805";"R8";"RESISTOR, American symbol";"";"";"";"";"";"";"";"";"";"";"85";"";"R";"";"";"";
"1";"27K";"R-US_R0805";"R0805";"R6";"RESISTOR, American symbol";"";"";"";"";"";"";"";"";"";"";"85";"";"R";"";"";"";
"5";"2K7";"R-US_R0805";"R0805";"R2, R3, R4, R5, R7";"RESISTOR, American symbol";"";"";"";"";"";"";"";"";"";"";"85";"";"R";"";"";"";
"1";"5R";"R-US_R2512";"R2512";"R1";"RESISTOR, American symbol";"";"";"";"";"";"";"";"";"";"";"0";"";"R";"";"";"";
"1";"AO3401";"AO3401";"AO3401";"Q1";"DMG2305UX Series 20 V 65 Ohms P-Ch Enhancement Mode Mosfet - SOT-23-3";"";"";"";"";"";"Diodes Inc.";"";"1.1mm";"";"09/2018";"";"";"";"IPC-7351B";"";"";
"1";"Amber";"LED-RED1206";"LED-1206";"D3";"Red SMD LED";"";"";"";"";"";"";"";"";"";"";"";"DIO-09912";"";"";"";"Red";
"1";"BOTH-SMD";"BOTH-SMD";"BOTH-SMD";"U$1";"";"";"";"";"";"";"";"";"";"";"";"";"";"";"";"";"";
"1";"BSS87";"BSS87";"SOT89_NXP";"U1";"";"Copyright (C) 2025 Ultra Librarian. All rights reserved.";"568-6228-2-ND";"568-6228-1-ND";"568-6228-6-ND";"BSS87INTR-ND";"";"BSS87";"";"NXP";"";"";"";"";"";"";"";
"1";"Blue";"LED-BLUE1206";"LED-1206";"D1";"Blue SMD LED";"";"";"";"";"";"";"";"";"";"";"";"DIO-09911";"";"";"";"Blue";
"1";"FUSE";"R-US_R1206";"R1206";"F1";"RESISTOR, American symbol";"";"";"";"";"";"";"";"";"";"";"19";"";"R";"";"";"";
"1";"Green";"LED-GREEN1206";"LED-1206";"D2";"Green SMD LED";"";"";"";"";"";"";"";"";"";"";"";"DIO-00862";"";"";"";"Green";
"1";"LM393DT";"LM393DT";"SO8_STM";"U2";"";"Copyright (C) 2025 Ultra Librarian. All rights reserved.";"";"";"";"";"";"LM393DT";"";"STMicroelectronics";"";"";"";"";"";"";"";
"2";"PTR1PAD1-20Y";"PTR1PAD1-20Y";"P1-20Y";"SC+, SC-";"TEST PIN";"";"";"";"";"";"";"";"";"";"";"1";"";"";"";"";"";
"5";"VSMA1094250";"VSMA1094250";"DIODE_VSMA1094250_VIS";"CR1, CR2, CR3, CR4, CR5";"";"Copyright (C) 2025 Ultra Librarian. All rights reserved.";"";"";"";"";"";"VSMA1094250";"";"Vishay";"";"";"";"";"";"";"";
